-- phpMyAdmin SQL Dump
-- version 5.2.0
-- https://www.phpmyadmin.net/
--
-- Host: 127.0.0.1
-- Waktu pembuatan: 10 Apr 2023 pada 18.54
-- Versi server: 10.4.24-MariaDB
-- Versi PHP: 8.1.6

SET SQL_MODE = "NO_AUTO_VALUE_ON_ZERO";
START TRANSACTION;
SET time_zone = "+00:00";


/*!40101 SET @OLD_CHARACTER_SET_CLIENT=@@CHARACTER_SET_CLIENT */;
/*!40101 SET @OLD_CHARACTER_SET_RESULTS=@@CHARACTER_SET_RESULTS */;
/*!40101 SET @OLD_COLLATION_CONNECTION=@@COLLATION_CONNECTION */;
/*!40101 SET NAMES utf8mb4 */;

--
-- Database: `mcrs_kipli`
--

-- --------------------------------------------------------

--
-- Struktur dari tabel `tb_alternatif`
--

CREATE TABLE `tb_alternatif` (
  `id_alternatif` int(11) NOT NULL,
  `nama_alternatif` varchar(50) DEFAULT NULL
) ENGINE=InnoDB DEFAULT CHARSET=utf8mb4;

--
-- Dumping data untuk tabel `tb_alternatif`
--

INSERT INTO `tb_alternatif` (`id_alternatif`, `nama_alternatif`) VALUES
(1, 'Bakso President'),
(2, 'Orem Orem Khas Arema'),
(3, 'Bakso Bakar Trowulan'),
(4, 'Gado-gado Sawahan'),
(5, 'Depot Tahu Lontong Lonceng'),
(6, 'Warung Lama Haji Ridwan'),
(7, 'Pecel Kawi Malang Hj.Musilah'),
(8, 'Sate Paino'),
(9, 'warung sate Gebug'),
(10, 'Bakso Bakar Pahlawan Trip');

-- --------------------------------------------------------

--
-- Struktur dari tabel `tb_rating`
--

CREATE TABLE `tb_rating` (
  `id_rating` int(11) NOT NULL,
  `id_user` int(11) DEFAULT NULL,
  `id_alternatif` int(11) DEFAULT NULL,
  `C1` int(11) DEFAULT NULL,
  `C2` int(11) DEFAULT NULL,
  `C3` int(11) DEFAULT NULL,
  `C4` int(11) DEFAULT NULL,
  `C5` int(11) DEFAULT NULL,
  `C6` int(11) DEFAULT NULL,
  `R0` int(11) DEFAULT NULL
) ENGINE=InnoDB DEFAULT CHARSET=utf8mb4;

--
-- Dumping data untuk tabel `tb_rating`
--

INSERT INTO `tb_rating` (`id_rating`, `id_user`, `id_alternatif`, `C1`, `C2`, `C3`, `C4`, `C5`, `C6`, `R0`) VALUES
(1, 1, 1, 2, 2, 2, 2, 2, 2, 2),
(2, 1, 2, 2, 2, 2, 3, 2, 2, 2),
(3, 1, 3, 4, 4, 5, 4, 3, 5, 5),
(4, 1, 4, 5, 3, 4, 5, 2, 5, 5),
(5, 1, 5, 5, 5, 4, 4, 3, 3, 2),
(6, 1, 6, 4, 2, 1, 3, 5, 4, 4),
(7, 1, 7, 5, 5, 4, 4, 4, 4, 5),
(8, 1, 8, 5, 4, 5, 5, 4, 5, 5),
(9, 1, 9, 4, 2, 2, 4, 2, 2, 5),
(10, 1, 10, 3, 3, 3, 4, 3, 3, 4),
(11, 2, 1, 4, 4, 4, 4, 4, 4, 2),
(12, 2, 2, 5, 5, 5, 5, 4, 4, 4),
(13, 2, 3, 4, 5, 4, 4, 4, 3, 4),
(14, 2, 4, 4, 4, 4, 4, 5, 3, 3),
(15, 2, 5, 4, 4, 5, 4, 4, 4, 4),
(16, 2, 6, 4, 4, 3, 4, 4, 4, 5),
(17, 2, 7, 5, 4, 4, 5, 5, 4, 4),
(18, 2, 8, 4, 5, 5, 4, 5, 4, 4),
(19, 2, 9, 5, 4, 4, 3, 4, 5, 4),
(20, 2, 10, 4, 4, 4, 4, 4, 4, 4),
(21, 3, 1, 3, 3, 4, 4, 4, 4, 2),
(22, 3, 2, 3, 5, 4, 5, 5, 4, 5),
(23, 3, 3, 4, 5, 4, 3, 3, 5, 3),
(24, 3, 4, 5, 4, 5, 4, 4, 5, 5),
(25, 3, 5, 5, 4, 4, 4, 5, 4, 5),
(26, 3, 6, 5, 4, 5, 4, 5, 4, 4),
(27, 3, 7, 5, 4, 4, 5, 5, 4, 5),
(28, 3, 8, 5, 4, 5, 4, 5, 4, 3),
(29, 3, 9, 5, 5, 4, 4, 5, 4, 5),
(30, 3, 10, 4, 5, 4, 4, 5, 4, 4),
(31, 4, 1, 5, 2, 4, 5, 5, 4, 2),
(32, 4, 2, 5, 4, 3, 5, 2, 4, 3),
(33, 4, 3, 5, 5, 3, 4, 5, 2, 4),
(34, 4, 4, 5, 4, 1, 3, 5, 5, 2),
(35, 4, 5, 3, 5, 4, 5, 5, 2, 4),
(36, 4, 6, 2, 3, 4, 5, 2, 3, 3),
(37, 4, 7, 5, 5, 2, 3, 4, 4, 5),
(38, 4, 8, 3, 2, 5, 2, 1, 5, 5),
(39, 4, 9, 3, 4, 3, 2, 1, 4, 5),
(40, 4, 10, 3, 3, 3, 2, 3, 2, 3),
(41, 5, 1, 1, 1, 2, 5, 1, 3, 2),
(42, 5, 2, 3, 3, 3, 2, 2, 3, 3),
(43, 5, 3, 4, 4, 4, 4, 4, 4, 4),
(44, 5, 4, 3, 3, 3, 3, 3, 3, 3),
(45, 5, 5, 3, 3, 3, 3, 3, 3, 3),
(46, 5, 6, 3, 3, 3, 3, 3, 3, 3),
(47, 5, 7, 3, 3, 3, 3, 3, 3, 3),
(48, 5, 8, 3, 3, 3, 3, 3, 3, 3),
(49, 5, 9, 3, 3, 3, 3, 3, 3, 3),
(50, 5, 10, 5, 4, 4, 5, 5, 5, 4),
(51, 6, 1, 5, 4, 4, 5, 5, 3, 2),
(52, 6, 2, 4, 4, 4, 3, 4, 4, 4),
(53, 6, 3, 5, 5, 4, 5, 4, 3, 5),
(54, 6, 4, 4, 4, 3, 3, 3, 3, 4),
(55, 6, 5, 4, 4, 4, 3, 4, 4, 4),
(56, 6, 6, 4, 4, 3, 4, 4, 4, 4),
(57, 6, 7, 3, 4, 5, 3, 4, 3, 4),
(58, 6, 8, 5, 4, 3, 4, 4, 3, 4),
(59, 6, 9, 4, 3, 4, 4, 3, 4, 4),
(60, 6, 10, 5, 4, 4, 3, 4, 3, 5),
(61, 7, 1, 3, 2, 4, 4, 4, 4, 2),
(62, 7, 2, 3, 4, 3, 3, 4, 4, 3),
(63, 7, 3, 4, 4, 3, 4, 4, 3, 4),
(64, 7, 4, 3, 3, 2, 4, 3, 3, 3),
(65, 7, 5, 3, 3, 3, 4, 3, 3, 3),
(66, 7, 6, 3, 3, 3, 3, 3, 3, 3),
(67, 7, 7, 4, 3, 4, 3, 3, 3, 3),
(68, 7, 8, 2, 4, 3, 3, 3, 2, 3),
(69, 7, 9, 4, 3, 3, 4, 3, 2, 3),
(70, 7, 10, 4, 4, 5, 4, 5, 4, 5),
(71, 8, 1, 4, 4, 4, 4, 4, 5, 2),
(72, 8, 2, 4, 4, 4, 4, 4, 4, 4),
(73, 8, 3, 4, 5, 5, 5, 5, 4, 4),
(74, 8, 4, 4, 4, 4, 4, 4, 4, 4),
(75, 8, 5, 3, 4, 4, 4, 4, 4, 4),
(76, 8, 6, 4, 4, 4, 4, 4, 4, 4),
(77, 8, 7, 4, 4, 4, 4, 4, 4, 4),
(78, 8, 8, 3, 4, 4, 4, 4, 4, 4),
(79, 8, 9, 4, 4, 4, 4, 4, 4, 4),
(80, 8, 10, 4, 4, 4, 4, 4, 4, 4),
(81, 9, 1, 3, 3, 3, 3, 3, 3, 2),
(82, 9, 2, 3, 4, 4, 3, 3, 3, 4),
(83, 9, 3, 3, 4, 4, 4, 4, 3, 4),
(84, 9, 4, 4, 4, 4, 3, 4, 4, 4),
(85, 9, 5, 4, 4, 4, 4, 4, 4, 4),
(86, 9, 6, 3, 3, 4, 4, 4, 5, 4),
(87, 9, 7, 3, 4, 5, 4, 4, 4, 4),
(88, 9, 8, 3, 3, 3, 3, 3, 3, 3),
(89, 9, 9, 3, 3, 3, 3, 3, 3, 3),
(90, 9, 10, 5, 3, 4, 5, 5, 4, 5),
(91, 10, 1, 5, 4, 4, 5, 4, 3, 2),
(92, 10, 2, 4, 4, 4, 4, 4, 4, 4),
(93, 10, 3, 4, 4, 4, 4, 4, 4, 4),
(94, 10, 4, 4, 4, 4, 4, 4, 4, 4),
(95, 10, 5, 4, 4, 4, 4, 4, 4, 4),
(96, 10, 6, 4, 4, 4, 4, 4, 4, 4),
(97, 10, 7, 4, 4, 4, 4, 4, 4, 4),
(98, 10, 8, 4, 4, 4, 4, 4, 4, 4),
(99, 10, 9, 4, 4, 4, 4, 4, 4, 4),
(100, 10, 10, 3, 3, 4, 4, 3, 3, 4),
(101, 11, 1, 4, 3, 5, 4, 5, 4, 2),
(102, 11, 2, 4, 4, 4, 5, 4, 5, 4),
(103, 11, 3, 5, 4, 5, 4, 5, 4, 5),
(104, 11, 4, 5, 5, 4, 4, 5, 5, 4),
(105, 11, 5, 5, 4, 5, 4, 5, 4, 5),
(106, 11, 6, 5, 4, 5, 4, 5, 4, 5),
(107, 11, 7, 5, 4, 5, 4, 5, 4, 4),
(108, 11, 8, 5, 4, 5, 4, 4, 4, 5),
(109, 11, 9, 4, 5, 4, 5, 4, 5, 4),
(110, 11, 10, 3, 4, 4, 4, 4, 3, 4),
(111, 12, 1, 5, 4, 5, 4, 5, 4, 2),
(112, 12, 2, 5, 4, 4, 3, 5, 4, 4),
(113, 12, 3, 4, 5, 4, 4, 5, 4, 5),
(114, 12, 4, 4, 5, 4, 4, 4, 4, 4),
(115, 12, 5, 4, 5, 4, 4, 4, 5, 4),
(116, 12, 6, 4, 5, 4, 5, 4, 4, 4),
(117, 12, 7, 5, 4, 4, 5, 4, 5, 4),
(118, 12, 8, 5, 4, 4, 4, 3, 4, 4),
(119, 12, 9, 4, 4, 3, 5, 4, 5, 5),
(120, 12, 10, 4, 4, 5, 5, 4, 5, 5),
(121, 13, 1, 3, 2, 4, 3, 4, 3, 2),
(122, 13, 2, 4, 2, 4, 5, 4, 3, 4),
(123, 13, 3, 1, 3, 4, 3, 4, 1, 3),
(124, 13, 4, 4, 2, 3, 2, 4, 2, 3),
(125, 13, 5, 3, 3, 4, 2, 4, 3, 3),
(126, 13, 6, 5, 3, 4, 3, 4, 4, 4),
(127, 13, 7, 3, 4, 3, 2, 3, 3, 3),
(128, 13, 8, 3, 4, 5, 4, 4, 3, 4),
(129, 13, 9, 3, 4, 4, 2, 5, 4, 4),
(130, 13, 10, 3, 2, 2, 2, 1, 1, 4),
(131, 14, 1, 3, 3, 3, 3, 3, 3, 2),
(132, 14, 2, 3, 3, 3, 3, 3, 3, 3),
(133, 14, 3, 3, 3, 3, 3, 3, 3, 3),
(134, 14, 4, 3, 3, 3, 3, 3, 3, 3),
(135, 14, 5, 3, 3, 3, 3, 3, 3, 3),
(136, 14, 6, 3, 3, 3, 3, 3, 3, 3),
(137, 14, 7, 3, 3, 3, 3, 3, 3, 3),
(138, 14, 8, 3, 3, 3, 3, 3, 3, 3),
(139, 14, 9, 3, 3, 3, 3, 3, 3, 3),
(140, 14, 10, 3, 3, 4, 4, 4, 3, 4),
(141, 15, 1, 5, 5, 5, 5, 5, 5, 2),
(142, 15, 2, 5, 5, 5, 5, 5, 4, 5),
(143, 15, 3, 5, 5, 5, 5, 5, 5, 5),
(144, 15, 4, 5, 5, 5, 4, 5, 4, 5),
(145, 15, 5, 4, 5, 5, 3, 5, 3, 5),
(146, 15, 6, 5, 5, 5, 5, 5, 5, 5),
(147, 15, 7, 5, 5, 5, 5, 5, 5, 5),
(148, 15, 8, 5, 5, 5, 5, 5, 5, 5),
(149, 15, 9, 5, 5, 5, 5, 5, 5, 5),
(150, 15, 10, 4, 4, 4, 4, 4, 4, 4),
(151, 16, 1, 1, 2, 3, 4, 2, 3, 2),
(152, 16, 2, 3, 3, 3, 3, 3, 3, 3),
(153, 16, 3, 5, 5, 5, 5, 5, 3, 4),
(154, 16, 4, 2, 4, 5, 4, 3, 2, 4),
(155, 16, 5, 3, 3, 3, 3, 3, 3, 3),
(156, 16, 6, 3, 3, 3, 3, 3, 3, 3),
(157, 16, 7, 5, 5, 4, 3, 5, 3, 4),
(158, 16, 8, 3, 3, 3, 3, 3, 3, 3),
(159, 16, 9, 3, 4, 3, 2, 4, 3, 3),
(160, 16, 10, 5, 5, 5, 5, 5, 5, 5),
(161, 17, 1, 3, 3, 4, 4, 4, 3, 2),
(162, 17, 2, 4, 4, 3, 3, 3, 3, 3),
(163, 17, 3, 5, 5, 4, 4, 5, 5, 5),
(164, 17, 4, 3, 3, 3, 3, 3, 3, 3),
(165, 17, 5, 3, 4, 4, 4, 3, 3, 4),
(166, 17, 6, 3, 3, 3, 3, 3, 3, 3),
(167, 17, 7, 3, 3, 3, 3, 3, 2, 3),
(168, 17, 8, 3, 3, 3, 3, 3, 3, 3),
(169, 17, 9, 4, 3, 4, 4, 4, 4, 4),
(170, 17, 10, 3, 4, 4, 4, 4, 4, 4),
(171, 18, 1, 3, 3, 3, 3, 3, 3, 2),
(172, 18, 2, 2, 2, 3, 2, 3, 3, 3),
(173, 18, 3, 3, 3, 3, 3, 3, 3, 3),
(174, 18, 4, 3, 3, 3, 3, 4, 3, 4),
(175, 18, 5, 3, 4, 3, 3, 4, 4, 4),
(176, 18, 6, 4, 3, 3, 4, 3, 3, 3),
(177, 18, 7, 4, 3, 4, 3, 3, 3, 3),
(178, 18, 8, 2, 3, 3, 4, 3, 3, 3),
(179, 18, 9, 4, 3, 2, 3, 3, 4, 3),
(180, 18, 10, 3, 3, 3, 3, 3, 3, 3),
(181, 19, 1, 4, 2, 4, 4, 5, 3, 2),
(182, 19, 2, 4, 3, 4, 4, 4, 4, 4),
(183, 19, 3, 4, 4, 4, 3, 4, 4, 4),
(184, 19, 4, 4, 3, 5, 4, 4, 4, 4),
(185, 19, 5, 4, 3, 3, 3, 4, 4, 4),
(186, 19, 6, 4, 4, 4, 4, 4, 4, 4),
(187, 19, 7, 3, 4, 4, 4, 4, 4, 4),
(188, 19, 8, 3, 4, 4, 4, 4, 4, 4),
(189, 19, 9, 3, 4, 4, 4, 4, 4, 4),
(190, 19, 10, 4, 4, 4, 4, 4, 4, 4),
(191, 20, 1, 5, 3, 4, 4, 4, 4, 2),
(192, 20, 2, 4, 4, 4, 4, 4, 4, 4),
(193, 20, 3, 3, 5, 4, 4, 5, 4, 4),
(194, 20, 4, 4, 4, 4, 4, 4, 4, 4),
(195, 20, 5, 4, 4, 5, 4, 5, 5, 4),
(196, 20, 6, 5, 4, 5, 4, 4, 4, 4),
(197, 20, 7, 5, 4, 4, 4, 4, 4, 4),
(198, 20, 8, 4, 4, 4, 4, 5, 4, 4),
(199, 20, 9, 4, 4, 4, 4, 4, 4, 4),
(200, 20, 10, 3, 4, 4, 4, 3, 4, 4),
(201, 21, 1, 3, 2, 3, 3, 3, 3, 2),
(202, 21, 2, 4, 4, 4, 3, 3, 3, 3),
(203, 21, 3, 3, 4, 3, 4, 5, 2, 4),
(204, 21, 4, 3, 4, 4, 4, 4, 2, 4),
(205, 21, 5, 3, 4, 4, 4, 4, 2, 4),
(206, 21, 6, 3, 4, 4, 4, 4, 4, 4),
(207, 21, 7, 4, 4, 4, 4, 4, 4, 4),
(208, 21, 8, 3, 3, 4, 4, 3, 2, 4),
(209, 21, 9, 3, 4, 4, 3, 3, 2, 4),
(210, 21, 10, 5, 4, 5, 4, 3, 5, 5),
(211, 22, 1, 4, 4, 5, 4, 5, 4, 2),
(212, 22, 2, 5, 4, 4, 5, 4, 5, 5),
(213, 22, 3, 5, 4, 4, 5, 4, 5, 5),
(214, 22, 4, 4, 4, 5, 5, 4, 5, 4),
(215, 22, 5, 4, 5, 4, 4, 5, 5, 5),
(216, 22, 6, 5, 4, 4, 5, 4, 5, 5),
(217, 22, 7, 5, 5, 4, 5, 4, 5, 4),
(218, 22, 8, 5, 5, 4, 4, 5, 4, 4),
(219, 22, 9, 4, 5, 5, 4, 5, 5, 5),
(220, 22, 10, 4, 5, 4, 5, 4, 3, 5),
(221, 23, 1, 5, 4, 4, 5, 4, 5, 2),
(222, 23, 2, 5, 4, 5, 4, 3, 5, 4),
(223, 23, 3, 5, 4, 4, 5, 4, 4, 3),
(224, 23, 4, 5, 4, 4, 5, 5, 5, 5),
(225, 23, 5, 5, 4, 5, 4, 5, 5, 4),
(226, 23, 6, 5, 4, 4, 5, 4, 5, 4),
(227, 23, 7, 5, 4, 4, 4, 3, 5, 5),
(228, 23, 8, 3, 4, 4, 4, 5, 5, 4),
(229, 23, 9, 4, 5, 4, 4, 5, 5, 4),
(230, 23, 10, 4, 5, 4, 5, 5, 4, 4),
(231, 24, 1, 5, 4, 4, 5, 3, 5, 2),
(232, 24, 2, 4, 4, 4, 5, 4, 5, 3),
(233, 24, 3, 4, 5, 4, 4, 5, 4, 4),
(234, 24, 4, 4, 4, 5, 4, 3, 4, 5),
(235, 24, 5, 4, 5, 4, 4, 3, 4, 4),
(236, 24, 6, 4, 4, 4, 5, 5, 4, 4),
(237, 24, 7, 5, 4, 3, 4, 5, 5, 5),
(238, 24, 8, 4, 4, 5, 5, 4, 5, 4),
(239, 24, 9, 3, 3, 4, 5, 5, 4, 4),
(240, 24, 10, 4, 3, 5, 5, 5, 4, 4),
(241, 25, 1, 4, 3, 4, 5, 5, 4, 2),
(242, 25, 2, 5, 4, 5, 5, 5, 3, 4),
(243, 25, 3, 4, 5, 5, 5, 5, 4, 5),
(244, 25, 4, 4, 4, 5, 4, 4, 3, 4),
(245, 25, 5, 4, 4, 4, 4, 4, 4, 4),
(246, 25, 6, 5, 4, 5, 5, 5, 4, 5),
(247, 25, 7, 3, 5, 5, 4, 4, 4, 4),
(248, 25, 8, 4, 4, 5, 5, 5, 3, 4),
(249, 25, 9, 4, 4, 4, 5, 5, 3, 4),
(250, 25, 10, 4, 4, 4, 2, 4, 5, 4),
(251, 26, 1, 5, 4, 5, 5, 5, 5, 2),
(252, 26, 2, 5, 4, 4, 4, 5, 5, 5),
(253, 26, 3, 5, 5, 5, 5, 5, 5, 5),
(254, 26, 4, 5, 5, 5, 5, 5, 4, 5),
(255, 26, 5, 5, 4, 4, 5, 5, 4, 5),
(256, 26, 6, 5, 4, 5, 5, 5, 5, 5),
(257, 26, 7, 5, 3, 5, 5, 5, 4, 5),
(258, 26, 8, 5, 2, 5, 5, 5, 4, 5),
(259, 26, 9, 5, 3, 5, 2, 5, 4, 4),
(260, 26, 10, 3, 3, 3, 3, 3, 3, 3),
(261, 27, 1, 3, 3, 4, 4, 4, 3, 2),
(262, 27, 2, 3, 3, 4, 4, 3, 3, 4),
(263, 27, 3, 3, 4, 4, 4, 4, 3, 4),
(264, 27, 4, 3, 4, 4, 4, 3, 3, 4),
(265, 27, 5, 3, 4, 4, 4, 3, 4, 4),
(266, 27, 6, 3, 4, 4, 3, 3, 3, 4),
(267, 27, 7, 3, 4, 4, 4, 3, 3, 4),
(268, 27, 8, 3, 3, 4, 4, 4, 3, 4),
(269, 27, 9, 3, 4, 4, 4, 3, 4, 4),
(270, 27, 10, 3, 3, 3, 3, 3, 3, 3),
(271, 28, 1, 3, 3, 3, 3, 3, 3, 2),
(272, 28, 2, 4, 3, 4, 4, 3, 4, 4),
(273, 28, 3, 5, 5, 5, 5, 5, 5, 5),
(274, 28, 4, 3, 3, 4, 4, 3, 4, 4),
(275, 28, 5, 3, 4, 3, 4, 4, 5, 4),
(276, 28, 6, 3, 3, 4, 4, 3, 4, 4),
(277, 28, 7, 3, 3, 3, 3, 3, 3, 3),
(278, 28, 8, 3, 3, 3, 3, 3, 3, 3),
(279, 28, 9, 4, 3, 3, 4, 3, 3, 4),
(280, 28, 10, 4, 4, 4, 4, 4, 4, 4),
(281, 29, 1, 4, 4, 5, 4, 4, 4, 2),
(282, 29, 2, 4, 4, 4, 4, 5, 5, 5),
(283, 29, 3, 5, 4, 4, 4, 4, 4, 4),
(284, 29, 4, 4, 5, 5, 4, 4, 4, 4),
(285, 29, 5, 4, 4, 4, 5, 4, 4, 4),
(286, 29, 6, 4, 4, 5, 4, 4, 4, 5),
(287, 29, 7, 4, 4, 5, 4, 4, 5, 4),
(288, 29, 8, 4, 5, 4, 5, 5, 4, 5),
(289, 29, 9, 5, 5, 5, 5, 5, 5, 5),
(290, 29, 10, 3, 3, 3, 3, 3, 3, 3),
(291, 30, 1, 3, 2, 2, 1, 2, 1, 2),
(292, 30, 2, 2, 2, 2, 2, 2, 2, 2),
(293, 30, 3, 2, 2, 2, 2, 2, 2, 2),
(294, 30, 4, 2, 2, 2, 2, 2, 2, 2),
(295, 30, 5, 2, 3, 3, 3, 3, 3, 3),
(296, 30, 6, 2, 2, 3, 3, 4, 5, 4),
(297, 30, 7, 1, 2, 3, 3, 4, 4, 4),
(298, 30, 8, 4, 2, 2, 2, 2, 2, 2),
(299, 30, 9, 3, 3, 3, 4, 4, 3, 2),
(300, 30, 10, 3, 3, 3, 3, 3, 3, 3),
(301, 31, 1, 3, 4, 3, 3, 3, 3, 2),
(302, 31, 2, 3, 3, 3, 4, 3, 3, 3),
(303, 31, 3, 3, 4, 3, 3, 3, 3, 3),
(304, 31, 4, 3, 4, 4, 3, 3, 3, 3),
(305, 31, 5, 3, 4, 3, 4, 3, 3, 3),
(306, 31, 6, 3, 3, 4, 4, 4, 4, 4),
(307, 31, 7, 3, 4, 4, 3, 3, 3, 4),
(308, 31, 8, 3, 3, 4, 4, 4, 3, 4),
(309, 31, 9, 3, 3, 4, 4, 3, 4, 4),
(310, 31, 10, 4, 2, 4, 3, 3, 3, 3),
(311, 32, 1, 4, 4, 4, 4, 4, 4, 2),
(312, 32, 2, 4, 4, 4, 4, 4, 4, 4),
(313, 32, 3, 4, 4, 4, 5, 5, 5, 5),
(314, 32, 4, 4, 4, 4, 4, 4, 4, 4),
(315, 32, 5, 4, 4, 4, 4, 5, 4, 4),
(316, 32, 6, 4, 5, 4, 5, 5, 4, 5),
(317, 32, 7, 4, 5, 4, 4, 5, 4, 4),
(318, 32, 8, 4, 5, 4, 5, 5, 4, 5),
(319, 32, 9, 4, 4, 4, 4, 4, 4, 4),
(320, 32, 10, 5, 4, 4, 5, 4, 3, 4),
(321, 33, 1, 3, 3, 3, 3, 3, 3, 2),
(322, 33, 2, 3, 3, 3, 3, 3, 3, 3),
(323, 33, 3, 3, 3, 3, 3, 3, 3, 3),
(324, 33, 4, 4, 4, 4, 4, 4, 4, 4),
(325, 33, 5, 4, 4, 4, 4, 4, 4, 4),
(326, 33, 6, 4, 4, 4, 4, 4, 4, 4),
(327, 33, 7, 3, 3, 3, 3, 3, 3, 3),
(328, 33, 8, 3, 3, 3, 3, 4, 4, 4),
(329, 33, 9, 5, 5, 5, 5, 5, 5, 5),
(330, 33, 10, 4, 3, 4, 3, 4, 3, 2),
(331, 34, 1, 3, 3, 4, 4, 3, 3, 2),
(332, 34, 2, 3, 4, 4, 4, 4, 4, 4),
(333, 34, 3, 3, 4, 4, 4, 4, 4, 4),
(334, 34, 4, 3, 4, 4, 4, 4, 4, 4),
(335, 34, 5, 3, 4, 4, 4, 4, 4, 4),
(336, 34, 6, 3, 4, 4, 4, 4, 4, 4),
(337, 34, 7, 3, 4, 4, 4, 4, 4, 4),
(338, 34, 8, 3, 4, 4, 4, 4, 4, 4),
(339, 34, 9, 3, 4, 4, 4, 4, 4, 4),
(340, 34, 10, 3, 3, 4, 4, 3, 3, 3),
(341, 35, 1, 3, 3, 3, 3, 3, 3, 2),
(342, 35, 2, 3, 3, 3, 3, 3, 3, 3),
(343, 35, 3, 4, 3, 3, 3, 3, 3, 3),
(344, 35, 4, 3, 3, 3, 3, 3, 3, 3),
(345, 35, 5, 3, 3, 3, 3, 3, 3, 3),
(346, 35, 6, 3, 3, 3, 3, 3, 3, 3),
(347, 35, 7, 3, 3, 3, 3, 3, 3, 3),
(348, 35, 8, 3, 3, 3, 3, 3, 3, 3),
(349, 35, 9, 3, 3, 3, 3, 3, 3, 3),
(350, 35, 10, 5, 5, 5, 5, 5, 5, 5),
(351, 36, 1, 3, 1, 3, 1, 3, 2, 2),
(352, 36, 2, 3, 3, 3, 3, 3, 3, 3),
(353, 36, 3, 3, 3, 3, 3, 3, 3, 3),
(354, 36, 4, 3, 3, 3, 3, 3, 3, 3),
(355, 36, 5, 3, 3, 3, 3, 3, 3, 3),
(356, 36, 6, 3, 3, 3, 3, 3, 3, 3),
(357, 36, 7, 3, 3, 3, 3, 3, 3, 3),
(358, 36, 8, 3, 3, 3, 3, 3, 3, 3),
(359, 36, 9, 3, 3, 3, 3, 3, 3, 3),
(360, 36, 10, 4, 3, 3, 3, 4, 3, 3),
(361, 37, 1, 4, 3, 3, 4, 4, 3, 2),
(362, 37, 2, 4, 4, 4, 3, 4, 3, 3),
(363, 37, 3, 3, 4, 4, 4, 4, 3, 4),
(364, 37, 4, 3, 3, 3, 4, 4, 4, 3),
(365, 37, 5, 3, 4, 4, 3, 4, 3, 4),
(366, 37, 6, 4, 3, 4, 4, 4, 4, 4),
(367, 37, 7, 3, 4, 3, 3, 4, 3, 3),
(368, 37, 8, 3, 4, 3, 3, 4, 3, 3),
(369, 37, 9, 4, 3, 3, 3, 4, 4, 3),
(370, 37, 10, 4, 4, 4, 4, 4, 4, 4),
(371, 38, 1, 3, 4, 5, 4, 4, 4, 2),
(372, 38, 2, 4, 5, 4, 4, 5, 5, 5),
(373, 38, 3, 5, 4, 5, 3, 5, 5, 5),
(374, 38, 4, 5, 4, 3, 5, 5, 5, 5),
(375, 38, 5, 4, 5, 5, 4, 5, 5, 5),
(376, 38, 6, 5, 3, 5, 5, 5, 5, 3),
(377, 38, 7, 5, 5, 5, 4, 4, 3, 5),
(378, 38, 8, 3, 5, 5, 4, 3, 5, 5),
(379, 38, 9, 5, 4, 5, 5, 4, 4, 5),
(380, 38, 10, 4, 2, 3, 4, 5, 5, 4),
(381, 39, 1, 5, 4, 5, 2, 3, 5, 2),
(382, 39, 2, 4, 5, 4, 5, 4, 4, 5),
(383, 39, 3, 5, 3, 5, 4, 5, 4, 5),
(384, 39, 4, 5, 4, 4, 4, 5, 5, 5),
(385, 39, 5, 5, 4, 5, 4, 5, 5, 5),
(386, 39, 6, 5, 4, 5, 5, 5, 5, 5),
(387, 39, 7, 4, 5, 5, 4, 4, 4, 5),
(388, 39, 8, 5, 4, 4, 5, 5, 5, 5),
(389, 39, 9, 5, 4, 4, 5, 5, 4, 5),
(390, 39, 10, 4, 2, 3, 3, 3, 3, 3),
(391, 40, 1, 4, 5, 3, 5, 4, 5, 2),
(392, 40, 2, 5, 4, 5, 3, 5, 4, 5),
(393, 40, 3, 5, 4, 5, 4, 5, 4, 5),
(394, 40, 4, 4, 5, 4, 5, 3, 5, 4),
(395, 40, 5, 5, 4, 5, 5, 4, 4, 5),
(396, 40, 6, 4, 4, 5, 5, 4, 5, 4),
(397, 40, 7, 4, 3, 5, 5, 4, 5, 4),
(398, 40, 8, 5, 3, 4, 4, 5, 5, 4),
(399, 40, 9, 4, 5, 5, 4, 5, 4, 5),
(400, 40, 10, 3, 3, 3, 2, 3, 2, 3),
(401, 41, 1, 4, 5, 4, 5, 5, 4, 2),
(402, 41, 2, 5, 4, 5, 4, 5, 4, 5),
(403, 41, 3, 4, 3, 4, 5, 5, 5, 5),
(404, 41, 4, 4, 5, 4, 5, 5, 4, 5),
(405, 41, 5, 5, 4, 3, 5, 4, 3, 4),
(406, 41, 6, 5, 4, 3, 4, 5, 4, 5),
(407, 41, 7, 5, 4, 5, 4, 5, 4, 4),
(408, 41, 8, 5, 5, 4, 4, 4, 5, 5),
(409, 41, 9, 5, 4, 4, 3, 4, 5, 4),
(410, 41, 10, 5, 4, 4, 5, 5, 5, 4),
(411, 42, 1, 4, 5, 5, 4, 4, 5, 2),
(412, 42, 2, 4, 3, 5, 4, 4, 5, 5),
(413, 42, 3, 4, 4, 5, 4, 3, 5, 4),
(414, 42, 4, 4, 5, 4, 4, 4, 5, 4),
(415, 42, 5, 3, 4, 4, 5, 4, 5, 4),
(416, 42, 6, 4, 5, 4, 5, 5, 4, 4),
(417, 42, 7, 4, 5, 5, 4, 5, 4, 4),
(418, 42, 8, 4, 5, 4, 4, 5, 4, 2),
(419, 42, 9, 4, 2, 3, 4, 4, 5, 4),
(420, 42, 10, 5, 4, 4, 3, 4, 3, 5),
(421, 43, 1, 3, 2, 3, 3, 3, 3, 2),
(422, 43, 2, 3, 3, 3, 3, 3, 3, 3),
(423, 43, 3, 3, 3, 3, 3, 3, 3, 3),
(424, 43, 4, 3, 3, 3, 3, 3, 3, 3),
(425, 43, 5, 3, 3, 3, 3, 3, 3, 3),
(426, 43, 6, 3, 3, 3, 3, 3, 3, 3),
(427, 43, 7, 3, 3, 3, 3, 3, 3, 3),
(428, 43, 8, 3, 3, 3, 3, 3, 3, 3),
(429, 43, 9, 3, 3, 3, 3, 3, 3, 3),
(430, 43, 10, 4, 4, 5, 4, 5, 4, 5),
(431, 44, 1, 2, 3, 3, 4, 3, 3, 2),
(432, 44, 2, 3, 3, 4, 4, 3, 3, 3),
(433, 44, 3, 3, 3, 4, 3, 3, 2, 4),
(434, 44, 4, 3, 3, 2, 3, 3, 3, 3),
(435, 44, 5, 3, 3, 4, 4, 3, 3, 4),
(436, 44, 6, 3, 3, 4, 4, 3, 3, 3),
(437, 44, 7, 4, 4, 4, 4, 4, 2, 4),
(438, 44, 8, 2, 3, 3, 3, 3, 3, 3),
(439, 44, 9, 3, 3, 3, 3, 3, 3, 3),
(440, 44, 10, 4, 4, 4, 4, 4, 4, 4),
(441, 45, 1, 4, 2, 2, 4, 4, 3, 2),
(442, 45, 2, 3, 4, 4, 4, 4, 3, 4),
(443, 45, 3, 4, 4, 4, 4, 3, 3, 4),
(444, 45, 4, 4, 4, 4, 4, 4, 3, 4),
(445, 45, 5, 4, 4, 4, 3, 3, 3, 3),
(446, 45, 6, 3, 4, 4, 4, 4, 4, 4),
(447, 45, 7, 4, 4, 4, 4, 4, 4, 4),
(448, 45, 8, 4, 4, 4, 4, 4, 4, 4),
(449, 45, 9, 4, 4, 4, 4, 4, 4, 4),
(450, 45, 10, 5, 3, 4, 5, 5, 4, 5),
(451, 46, 1, 4, 3, 3, 4, 3, 3, 2),
(452, 46, 2, 3, 3, 3, 3, 3, 3, 3),
(453, 46, 3, 4, 5, 3, 4, 4, 2, 4),
(454, 46, 4, 3, 3, 3, 3, 3, 3, 3),
(455, 46, 5, 3, 3, 3, 3, 3, 3, 3),
(456, 46, 6, 3, 3, 3, 3, 3, 3, 3),
(457, 46, 7, 3, 3, 3, 4, 4, 4, 3),
(458, 46, 8, 3, 3, 3, 3, 3, 3, 3),
(459, 46, 9, 3, 3, 3, 3, 3, 3, 3),
(460, 46, 10, 3, 3, 4, 4, 3, 3, 4),
(461, 47, 1, 3, 1, 4, 5, 3, 3, 2),
(462, 47, 2, 3, 3, 3, 3, 3, 3, 3),
(463, 47, 3, 3, 3, 3, 3, 3, 3, 3),
(464, 47, 4, 3, 3, 3, 3, 3, 3, 3),
(465, 47, 5, 3, 3, 3, 3, 3, 3, 3),
(466, 47, 6, 3, 3, 3, 3, 3, 3, 3),
(467, 47, 7, 1, 3, 3, 3, 3, 3, 3),
(468, 47, 8, 3, 3, 3, 3, 3, 3, 3),
(469, 47, 9, 3, 3, 3, 3, 3, 3, 3),
(470, 47, 10, 3, 4, 4, 4, 4, 3, 4),
(471, 48, 1, 2, 2, 3, 3, 2, 3, 2),
(472, 48, 2, 3, 3, 3, 3, 4, 3, 3),
(473, 48, 3, 3, 3, 3, 3, 3, 3, 3),
(474, 48, 4, 3, 3, 3, 3, 3, 3, 3),
(475, 48, 5, 3, 3, 3, 3, 3, 3, 3),
(476, 48, 6, 3, 3, 3, 4, 4, 3, 3),
(477, 48, 7, 3, 3, 3, 3, 4, 3, 3),
(478, 48, 8, 3, 3, 3, 2, 3, 3, 3),
(479, 48, 9, 4, 4, 4, 4, 4, 3, 4),
(480, 48, 10, 4, 5, 4, 4, 4, 4, 3),
(481, 49, 1, 2, 2, 4, 5, 4, 3, 2),
(482, 49, 2, 4, 3, 3, 3, 3, 2, 4),
(483, 49, 3, 5, 5, 5, 5, 5, 5, 5),
(484, 49, 4, 5, 4, 3, 4, 3, 4, 3),
(485, 49, 5, 5, 4, 4, 4, 3, 4, 3),
(486, 49, 6, 5, 4, 4, 4, 4, 5, 4),
(487, 49, 7, 4, 5, 3, 4, 5, 4, 4),
(488, 49, 8, 4, 5, 3, 4, 5, 4, 4),
(489, 49, 9, 4, 5, 4, 3, 4, 4, 4),
(490, 49, 10, 4, 4, 4, 4, 4, 4, 5),
(491, 50, 1, 3, 1, 3, 4, 5, 2, 2),
(492, 50, 2, 3, 4, 3, 2, 3, 4, 3),
(493, 50, 3, 4, 3, 3, 2, 5, 4, 4),
(494, 50, 4, 3, 2, 1, 1, 2, 2, 2),
(495, 50, 5, 3, 4, 3, 3, 2, 3, 3),
(496, 50, 6, 4, 2, 3, 5, 4, 5, 4),
(497, 50, 7, 4, 3, 3, 3, 3, 3, 4),
(498, 50, 8, 2, 2, 2, 4, 3, 4, 4),
(499, 50, 9, 4, 4, 3, 3, 4, 3, 4),
(500, 50, 10, 5, 4, 5, 5, 4, 5, 4),
(501, 51, 1, 3, 3, 3, 3, 3, 2, 2),
(502, 51, 2, 3, 3, 3, 3, 3, 2, 3),
(503, 51, 3, 4, 4, 4, 4, 3, 3, 4),
(504, 51, 4, 3, 3, 3, 3, 3, 3, 3),
(505, 51, 5, 3, 3, 3, 3, 3, 3, 3),
(506, 51, 6, 3, 3, 3, 3, 3, 4, 3),
(507, 51, 7, 3, 3, 4, 2, 4, 2, 3),
(508, 51, 8, 3, 3, 3, 3, 3, 3, 3),
(509, 51, 9, 3, 3, 3, 3, 3, 3, 3),
(510, 51, 10, 4, 4, 4, 4, 4, 4, 4),
(511, 52, 1, 4, 3, 4, 5, 5, 5, 2),
(512, 52, 2, 4, 5, 5, 4, 5, 2, 4),
(513, 52, 3, 5, 4, 5, 4, 5, 3, 4),
(514, 52, 4, 4, 4, 4, 4, 4, 4, 4),
(515, 52, 5, 4, 4, 4, 4, 4, 3, 4),
(516, 52, 6, 4, 5, 5, 5, 5, 3, 4),
(517, 52, 7, 5, 5, 5, 5, 5, 3, 5),
(518, 52, 8, 4, 5, 5, 5, 3, 3, 4),
(519, 52, 9, 5, 5, 5, 5, 5, 3, 5),
(520, 52, 10, 5, 4, 4, 4, 4, 5, 4),
(521, 53, 1, 4, 3, 4, 5, 5, 4, 2),
(522, 53, 2, 3, 4, 4, 3, 4, 4, 4),
(523, 53, 3, 4, 4, 3, 4, 4, 2, 3),
(524, 53, 4, 4, 3, 4, 4, 3, 3, 4),
(525, 53, 5, 4, 3, 4, 4, 4, 3, 4),
(526, 53, 6, 4, 5, 3, 4, 4, 4, 4),
(527, 53, 7, 3, 4, 3, 3, 4, 4, 3),
(528, 53, 8, 4, 3, 3, 4, 3, 4, 3),
(529, 53, 9, 3, 4, 4, 3, 3, 3, 3),
(530, 53, 10, 5, 5, 5, 4, 4, 5, 5),
(531, 54, 1, 3, 3, 3, 3, 3, 3, 2),
(532, 54, 2, 2, 4, 3, 2, 3, 3, 3),
(533, 54, 3, 3, 3, 3, 3, 3, 3, 3),
(534, 54, 4, 3, 3, 3, 3, 3, 3, 3),
(535, 54, 5, 3, 3, 3, 3, 3, 3, 3),
(536, 54, 6, 3, 3, 3, 3, 3, 3, 3),
(537, 54, 7, 3, 3, 3, 3, 3, 3, 3),
(538, 54, 8, 3, 3, 3, 3, 3, 3, 3),
(539, 54, 9, 2, 2, 2, 3, 2, 3, 3),
(540, 54, 10, 4, 3, 4, 3, 4, 3, 4),
(541, 55, 1, 3, 2, 4, 3, 3, 3, 2),
(542, 55, 2, 3, 3, 3, 3, 3, 3, 3),
(543, 55, 3, 3, 3, 3, 3, 3, 3, 3),
(544, 55, 4, 3, 3, 3, 3, 3, 3, 3),
(545, 55, 5, 3, 3, 3, 3, 3, 3, 3),
(546, 55, 6, 3, 3, 3, 3, 3, 3, 3),
(547, 55, 7, 5, 1, 4, 4, 4, 4, 5),
(548, 55, 8, 3, 3, 3, 3, 3, 3, 3),
(549, 55, 9, 3, 3, 3, 3, 3, 3, 3),
(550, 55, 10, 4, 4, 4, 5, 3, 4, 4),
(551, 56, 1, 4, 2, 3, 3, 3, 3, 2),
(552, 56, 2, 3, 3, 3, 4, 4, 3, 3),
(553, 56, 3, 4, 3, 3, 3, 3, 3, 3),
(554, 56, 4, 3, 3, 3, 3, 3, 3, 3),
(555, 56, 5, 3, 3, 3, 3, 3, 3, 3),
(556, 56, 6, 4, 3, 3, 3, 4, 4, 4),
(557, 56, 7, 3, 4, 3, 4, 4, 3, 3),
(558, 56, 8, 4, 2, 4, 3, 4, 3, 3),
(559, 56, 9, 2, 2, 3, 3, 3, 3, 3),
(560, 56, 10, 5, 3, 5, 3, 5, 4, 4),
(561, 57, 1, 4, 4, 4, 3, 3, 3, 2),
(562, 57, 2, 4, 4, 4, 3, 3, 3, 3),
(563, 57, 3, 3, 4, 3, 4, 5, 2, 4),
(564, 57, 4, 3, 4, 4, 4, 4, 2, 4),
(565, 57, 5, 3, 4, 4, 4, 4, 2, 4),
(566, 57, 6, 3, 4, 4, 4, 4, 4, 4),
(567, 57, 7, 4, 4, 4, 4, 4, 4, 4),
(568, 57, 8, 3, 3, 4, 4, 3, 2, 4),
(569, 57, 9, 3, 4, 4, 3, 3, 2, 4),
(570, 57, 10, 5, 5, 5, 5, 5, 5, 5),
(571, 58, 1, 5, 3, 4, 4, 5, 4, 2),
(572, 58, 2, 5, 4, 4, 5, 4, 5, 5),
(573, 58, 3, 5, 4, 4, 5, 4, 5, 5),
(574, 58, 4, 4, 4, 5, 5, 4, 5, 4),
(575, 58, 5, 4, 5, 4, 4, 5, 5, 5),
(576, 58, 6, 5, 4, 4, 5, 4, 5, 5),
(577, 58, 7, 5, 5, 4, 5, 4, 5, 4),
(578, 58, 8, 5, 5, 4, 4, 5, 4, 4),
(579, 58, 9, 4, 5, 5, 4, 5, 5, 5),
(580, 58, 10, 4, 4, 4, 4, 4, 3, 3),
(581, 59, 1, 5, 4, 3, 5, 4, 5, 2),
(582, 59, 2, 5, 4, 5, 4, 3, 5, 4),
(583, 59, 3, 5, 4, 4, 5, 4, 4, 3),
(584, 59, 4, 5, 4, 4, 5, 5, 5, 5),
(585, 59, 5, 5, 4, 5, 4, 5, 5, 4),
(586, 59, 6, 5, 4, 4, 5, 4, 5, 4),
(587, 59, 7, 5, 4, 4, 4, 3, 5, 5),
(588, 59, 8, 3, 4, 4, 4, 5, 5, 4),
(589, 59, 9, 4, 5, 4, 4, 5, 5, 4),
(590, 59, 10, 4, 4, 4, 4, 4, 4, 4),
(591, 60, 1, 4, 3, 5, 5, 3, 5, 2),
(592, 60, 2, 4, 4, 4, 5, 4, 5, 3),
(593, 60, 3, 4, 5, 4, 4, 5, 4, 4),
(594, 60, 4, 4, 4, 5, 4, 3, 4, 5),
(595, 60, 5, 4, 5, 4, 4, 3, 4, 4),
(596, 60, 6, 4, 4, 4, 5, 5, 4, 4),
(597, 60, 7, 5, 4, 3, 4, 5, 5, 5),
(598, 60, 8, 4, 4, 5, 5, 4, 5, 4),
(599, 60, 9, 3, 3, 4, 5, 5, 4, 4),
(600, 60, 10, 4, 4, 4, 4, 4, 4, 4),
(601, 61, 1, 4, 3, 4, 5, 5, 4, 2),
(602, 61, 2, 5, 4, 5, 5, 5, 3, 4),
(603, 61, 3, 4, 5, 5, 5, 5, 4, 5),
(604, 61, 4, 4, 4, 5, 4, 4, 3, 4),
(605, 61, 5, 4, 4, 4, 4, 4, 4, 4),
(606, 61, 6, 5, 4, 5, 5, 5, 4, 5),
(607, 61, 7, 3, 5, 5, 4, 4, 4, 4),
(608, 61, 8, 4, 4, 5, 5, 5, 3, 4),
(609, 61, 9, 4, 4, 4, 5, 5, 3, 4),
(610, 61, 10, 5, 4, 5, 5, 5, 4, 3);

-- --------------------------------------------------------

--
-- Struktur dari tabel `tb_training`
--

CREATE TABLE `tb_training` (
  `id_train` int(11) NOT NULL,
  `id_user_train` int(11) NOT NULL,
  `id_alternatif` int(11) NOT NULL,
  `C1` int(11) NOT NULL,
  `C2` int(11) NOT NULL,
  `C3` int(11) NOT NULL,
  `C4` int(11) NOT NULL,
  `C5` int(11) NOT NULL,
  `C6` int(11) NOT NULL,
  `R0` int(11) NOT NULL
) ENGINE=InnoDB DEFAULT CHARSET=utf8mb4;

--
-- Dumping data untuk tabel `tb_training`
--

INSERT INTO `tb_training` (`id_train`, `id_user_train`, `id_alternatif`, `C1`, `C2`, `C3`, `C4`, `C5`, `C6`, `R0`) VALUES
(1, 1, 1, 5, 4, 3, 5, 2, 4, 3),
(2, 1, 2, 5, 5, 3, 4, 5, 2, 4),
(3, 1, 3, 5, 4, 1, 3, 5, 5, 2),
(4, 1, 4, 3, 5, 4, 5, 5, 2, 4),
(5, 1, 5, 2, 3, 4, 5, 2, 3, 3),
(6, 1, 6, 5, 5, 2, 3, 4, 4, 5),
(7, 1, 7, 3, 2, 5, 2, 1, 5, 5),
(8, 1, 8, 3, 4, 3, 2, 1, 4, 5),
(9, 1, 9, 3, 3, 3, 2, 3, 2, 3),
(10, 1, 10, 4, 4, 5, 4, 5, 4, 5),
(11, 2, 1, 5, 4, 4, 5, 4, 5, 5),
(12, 2, 2, 5, 4, 4, 5, 4, 5, 5),
(13, 2, 3, 4, 4, 5, 5, 4, 5, 4),
(14, 2, 4, 4, 5, 4, 4, 5, 5, 5),
(15, 2, 5, 5, 4, 4, 5, 4, 5, 5),
(16, 2, 6, 5, 5, 4, 5, 4, 5, 4),
(17, 2, 7, 5, 5, 4, 4, 5, 4, 4),
(18, 2, 8, 4, 5, 5, 4, 5, 5, 5),
(19, 2, 10, 4, 5, 4, 5, 4, 3, 5),
(20, 2, 10, 5, 4, 4, 5, 4, 5, 4),
(21, 3, 1, 5, 4, 5, 4, 3, 5, 4),
(22, 3, 2, 5, 4, 4, 5, 4, 4, 3),
(23, 3, 3, 5, 4, 4, 5, 5, 5, 5),
(24, 3, 4, 5, 4, 5, 4, 5, 5, 4),
(25, 3, 5, 5, 4, 4, 5, 4, 5, 4),
(26, 3, 6, 5, 4, 4, 4, 3, 5, 5),
(27, 3, 7, 3, 4, 4, 4, 5, 5, 4),
(28, 3, 8, 4, 5, 4, 4, 5, 5, 4),
(29, 3, 9, 4, 5, 4, 5, 5, 4, 4),
(30, 3, 10, 5, 4, 4, 5, 3, 5, 5),
(31, 4, 1, 4, 4, 4, 5, 4, 5, 3),
(32, 4, 2, 4, 5, 4, 4, 5, 4, 4),
(33, 4, 3, 4, 4, 5, 4, 3, 4, 5),
(34, 4, 4, 4, 5, 4, 4, 3, 4, 4),
(35, 4, 5, 4, 4, 4, 5, 5, 4, 4),
(36, 4, 6, 5, 4, 3, 4, 5, 5, 5),
(37, 4, 7, 4, 4, 5, 5, 4, 5, 4),
(38, 4, 8, 3, 3, 4, 5, 5, 4, 4),
(39, 4, 9, 4, 3, 5, 5, 5, 4, 4),
(40, 4, 10, 5, 2, 4, 5, 5, 4, 4),
(41, 5, 1, 5, 4, 3, 5, 2, 4, 3),
(42, 5, 2, 5, 5, 3, 4, 5, 2, 4),
(43, 5, 3, 5, 4, 1, 3, 5, 5, 2),
(44, 5, 4, 3, 5, 4, 5, 5, 2, 4),
(45, 5, 5, 2, 3, 4, 5, 2, 3, 3),
(46, 5, 6, 5, 5, 2, 3, 4, 4, 5),
(47, 5, 7, 3, 2, 5, 2, 1, 5, 5),
(48, 5, 8, 3, 4, 3, 2, 1, 4, 5),
(49, 5, 9, 3, 3, 3, 2, 3, 2, 3),
(50, 5, 10, 3, 3, 3, 2, 3, 2, 3);

-- --------------------------------------------------------

--
-- Struktur dari tabel `tb_user_rating`
--

CREATE TABLE `tb_user_rating` (
  `id_user` int(100) NOT NULL,
  `nama` varchar(100) NOT NULL,
  `email` varchar(100) NOT NULL,
  `password` varchar(10) NOT NULL
) ENGINE=InnoDB DEFAULT CHARSET=utf8mb4;

--
-- Dumping data untuk tabel `tb_user_rating`
--

INSERT INTO `tb_user_rating` (`id_user`, `nama`, `email`, `password`) VALUES
(1, '', 'user 1', 'user123'),
(2, '', 'user 2', 'user123'),
(3, '', 'user 3', 'user123'),
(4, '', 'user 4', 'user123'),
(5, '', 'user 5', 'user123'),
(6, '', 'user 6', 'user123'),
(7, '', 'user 7', 'user123'),
(8, '', 'user 8', 'user123'),
(9, '', 'user 9', 'user123'),
(10, '', 'user 10', 'user123'),
(11, '', 'user 11', 'user123'),
(12, '', 'user 12', 'user123'),
(13, '', 'user 13', 'user123'),
(14, '', 'user 14', 'user123'),
(15, '', 'user 15', 'user123'),
(16, '', 'user 16', 'user123'),
(17, '', 'user 17', 'user123'),
(18, '', 'user 18', 'user123'),
(19, '', 'user 19', 'user123'),
(20, '', 'user 20', 'user123'),
(21, '', 'user 21', 'user123'),
(22, '', 'user 22', 'user123'),
(23, '', 'user 23', 'user123'),
(24, '', 'user 24', 'user123'),
(25, '', 'user 25', 'user123'),
(26, '', 'user 26', 'user123'),
(27, '', 'user 27', 'user123'),
(28, '', 'user 28', 'user123'),
(29, '', 'user 29', 'user123'),
(30, '', 'user 30', 'user123'),
(31, '', 'user 31', 'user123'),
(32, '', 'user 32', 'user123'),
(33, '', 'user 33', 'user123'),
(34, '', 'user 34', 'user123'),
(35, '', 'user 35', 'user123'),
(36, '', 'user 36', 'user123'),
(37, '', 'user 37', 'user123'),
(38, '', 'user 38', 'user123'),
(39, '', 'user 39', 'user123'),
(40, '', 'user 40', 'user123'),
(41, '', 'user 41', 'user123'),
(42, '', 'user 42', 'user123'),
(43, '', 'user 43', 'user123'),
(44, '', 'user 44', 'user123'),
(45, '', 'user 45', 'user123'),
(46, '', 'user 46', 'user123'),
(47, '', 'user 47', 'user123'),
(48, '', 'user 48', 'user123'),
(49, '', 'user 49', 'user123'),
(50, '', 'user 50', 'user123'),
(51, '', 'user 51', 'user123'),
(52, '', 'user 52', 'user123'),
(53, '', 'user 53', 'user123'),
(54, '', 'user 54', 'user123'),
(55, '', 'user 55', 'user123'),
(56, '', 'user 56', 'user123'),
(57, '', 'user 57', 'user123'),
(58, '', 'user 58', 'user123'),
(59, '', 'user 59', 'user123'),
(60, '', 'user 60', 'user123'),
(61, '', 'user 61', 'user123');

-- --------------------------------------------------------

--
-- Struktur dari tabel `tb_user_train`
--

CREATE TABLE `tb_user_train` (
  `id_user_train` int(11) NOT NULL,
  `nama` varchar(50) DEFAULT NULL
) ENGINE=InnoDB DEFAULT CHARSET=utf8mb4;

--
-- Dumping data untuk tabel `tb_user_train`
--

INSERT INTO `tb_user_train` (`id_user_train`, `nama`) VALUES
(1, 'user1_train'),
(2, 'user2_train'),
(3, 'user3_train'),
(4, 'user4_train'),
(5, 'user5_train');

-- --------------------------------------------------------

--
-- Stand-in struktur untuk tampilan `v_ratarata`
-- (Lihat di bawah untuk tampilan aktual)
--
CREATE TABLE `v_ratarata` (
`rata_C1` decimal(14,4)
,`rata_C2` decimal(14,4)
,`rata_C3` decimal(14,4)
,`rata_c4` decimal(14,4)
,`rata_C5` decimal(14,4)
,`rata_C6` decimal(14,4)
,`rata_R0` decimal(14,4)
);

-- --------------------------------------------------------

--
-- Struktur untuk view `v_ratarata`
--
DROP TABLE IF EXISTS `v_ratarata`;

CREATE ALGORITHM=UNDEFINED DEFINER=`root`@`localhost` SQL SECURITY DEFINER VIEW `v_ratarata`  AS SELECT avg(`tb_rating`.`C1`) AS `rata_C1`, avg(`tb_rating`.`C2`) AS `rata_C2`, avg(`tb_rating`.`C3`) AS `rata_C3`, avg(`tb_rating`.`C4`) AS `rata_c4`, avg(`tb_rating`.`C5`) AS `rata_C5`, avg(`tb_rating`.`C6`) AS `rata_C6`, avg(`tb_rating`.`R0`) AS `rata_R0` FROM `tb_rating` union select avg(`tb_training`.`C1`) AS `rata_C1`,avg(`tb_training`.`C2`) AS `rata_C2`,avg(`tb_training`.`C3`) AS `rata_C3`,avg(`tb_training`.`C4`) AS `rata_c4`,avg(`tb_training`.`C5`) AS `rata_C5`,avg(`tb_training`.`C6`) AS `rata_C6`,avg(`tb_training`.`R0`) AS `rata_R0` from `tb_training`  ;

--
-- Indexes for dumped tables
--

--
-- Indeks untuk tabel `tb_alternatif`
--
ALTER TABLE `tb_alternatif`
  ADD PRIMARY KEY (`id_alternatif`);

--
-- Indeks untuk tabel `tb_rating`
--
ALTER TABLE `tb_rating`
  ADD PRIMARY KEY (`id_rating`),
  ADD KEY `FK__tb_user` (`id_user`),
  ADD KEY `FK__tb_alternatif` (`id_alternatif`);

--
-- Indeks untuk tabel `tb_training`
--
ALTER TABLE `tb_training`
  ADD PRIMARY KEY (`id_train`),
  ADD KEY `FK_tb_training_tb_user_train` (`id_user_train`),
  ADD KEY `FK_tb_training_tb_alternatif` (`id_alternatif`);

--
-- Indeks untuk tabel `tb_user_rating`
--
ALTER TABLE `tb_user_rating`
  ADD PRIMARY KEY (`id_user`) USING BTREE;

--
-- Indeks untuk tabel `tb_user_train`
--
ALTER TABLE `tb_user_train`
  ADD PRIMARY KEY (`id_user_train`);

--
-- AUTO_INCREMENT untuk tabel yang dibuang
--

--
-- AUTO_INCREMENT untuk tabel `tb_training`
--
ALTER TABLE `tb_training`
  MODIFY `id_train` int(11) NOT NULL AUTO_INCREMENT, AUTO_INCREMENT=51;

--
-- AUTO_INCREMENT untuk tabel `tb_user_train`
--
ALTER TABLE `tb_user_train`
  MODIFY `id_user_train` int(11) NOT NULL AUTO_INCREMENT, AUTO_INCREMENT=6;

--
-- Ketidakleluasaan untuk tabel pelimpahan (Dumped Tables)
--

--
-- Ketidakleluasaan untuk tabel `tb_rating`
--
ALTER TABLE `tb_rating`
  ADD CONSTRAINT `FK__tb_alternatif` FOREIGN KEY (`id_alternatif`) REFERENCES `tb_alternatif` (`id_alternatif`) ON DELETE NO ACTION ON UPDATE NO ACTION,
  ADD CONSTRAINT `FK__tb_user` FOREIGN KEY (`id_user`) REFERENCES `tb_user_rating` (`id_user`) ON DELETE NO ACTION ON UPDATE NO ACTION;

--
-- Ketidakleluasaan untuk tabel `tb_training`
--
ALTER TABLE `tb_training`
  ADD CONSTRAINT `FK_tb_training_tb_alternatif` FOREIGN KEY (`id_alternatif`) REFERENCES `tb_alternatif` (`id_alternatif`) ON DELETE NO ACTION ON UPDATE NO ACTION,
  ADD CONSTRAINT `FK_tb_training_tb_user_train` FOREIGN KEY (`id_user_train`) REFERENCES `tb_user_train` (`id_user_train`) ON DELETE NO ACTION ON UPDATE NO ACTION;
COMMIT;

/*!40101 SET CHARACTER_SET_CLIENT=@OLD_CHARACTER_SET_CLIENT */;
/*!40101 SET CHARACTER_SET_RESULTS=@OLD_CHARACTER_SET_RESULTS */;
/*!40101 SET COLLATION_CONNECTION=@OLD_COLLATION_CONNECTION */;
